{
  "8": {
    "mean_ll": -240367953.6,
    "std_ll": 15947.575735515415,
    "best_ll": -240346229.0,
    "mean_time": 60.080000000000005,
    "best_seed_ll_vs_fm": 498.09999999403954
  },
  "9": {
    "mean_ll": -240130121.8,
    "std_ll": 39919.837366402186,
    "best_ll": -240103348.0,
    "mean_time": 64.88,
    "best_seed_ll_vs_fm": 2066.9000000059605
  },
  "10": {
    "mean_ll": -239950870.4,
    "std_ll": 30305.499894243618,
    "best_ll": -239893430.0,
    "mean_time": 70.6,
    "best_seed_ll_vs_fm": 45662.80000001192
  }
}